Transactions,Transactions Transaction Id,Transactions Gross Sales,Transactions Shipping,Transactions Tax,Transactions Discount,Transactions Total Sales ?,Transactions Refunds,Transactions Total Revenue ?,Transactions Net Revenue ?
             ,,,,,,,,,
                Day of Transaction,,,,,,,,,
             ,,,,,,,,,
            ,,,,,,,,,
3/10/2021,9N232121UY291384E,16,5,0,0,21,0,21,16
3/9/2021,4SU681840F659300K,31,8,0,0,39,0,39,31
3/9/2021,765570027S2481640,24,5,0,0,29,0,29,24
3/9/2021,5F3472696G562953D,20,29,0,0,49,0,49,20
3/8/2021,80J447700C748192A,22,5,0,0,27,0,27,22
3/8/2021,7U029979EX446103U,40,8,0,0,48,0,48,40
3/8/2021,72A25881F33123145,19,5,0,0,24,0,24,19
3/8/2021,1A345120D1027715L,168,22,0,0,190,0,190,168
3/8/2021,1PX17703JM6811145,54,14,0,0,68,0,68,54
3/8/2021,0G546238FM121972B,39,10,0,0,49,0,49,39
3/8/2021,5HD67162CX974794V,46,10,0,0,56,0,56,46
3/8/2021,82G7781604926321J,37.5,10,0,0,47.5,0,47.5,37.5
3/8/2021,2WY87696J36113017,123,18,0,0,141,0,141,123
3/7/2021,0MR22657S5444784F,28,10,0,0,38,0,38,28
3/7/2021,9GR60182WY328003R,31.5,8,0,0,39.5,0,39.5,31.5
3/6/2021,4WS318662J508272F,82.6,10,0,0,92.6,0,92.6,82.6
3/6/2021,03J363709W014372B,56,5,0,0,61,0,61,56
3/6/2021,4HL55572RU7548259,23.8,10,0,0,33.8,0,33.8,23.8
3/5/2021,1XE683877F784704D,38,23,0,0,61,0,61,38
3/5/2021,4BV19481LT0230734,31.5,23,0,0,54.5,0,54.5,31.5
3/5/2021,4G171229S9071794X,33.6,8,0,0,41.6,0,41.6,33.6
3/5/2021,35Y2366535352952M,31.5,5,0,0,36.5,0,36.5,31.5
3/5/2021,66A93160WF356081C,28,8,0,0,36,0,36,28
3/5/2021,53W26949MA6450133,61.6,10,0,0,71.6,0,71.6,61.6
3/4/2021,12003900A2783740B,118,37,0,0,155,0,155,118
3/3/2021,2SL97651LW501061X,80,8,0,0,88,0,88,80
3/2/2021,5G251030NY229582V,142,14,0,0,156,0,156,142
2/27/2021,9U00101970963464G,105,14,0,0,119,0,119,105
2/27/2021,8HY09200PB478523T,38,8,0,0,46,0,46,38
2/26/2021,9W865950A4173822K,103,10,0,0,113,0,113,103
2/26/2021,852385380V4580105,92,10,0,0,102,0,102,92
2/26/2021,5NU327777E433123U,36,5,0,0,41,0,41,36
2/26/2021,71C55408BJ1255739,148,5,0,0,153,0,153,148
2/26/2021,3PB16940BH573672R,78,5,0,0,83,0,83,78
2/26/2021,48B81338WY901320M,38,5,0,0,43,0,43,38
2/26/2021,5S113091SB8737147,38,5,0,0,43,0,43,38
2/26/2021,0G239901KG657073W,128,10,0,0,138,0,138,128
2/26/2021,2UD08089WS565764E,65,23,0,0,88,0,88,65
2/26/2021,94B14323L4038464P,105,10,0,0,115,0,115,105
2/26/2021,62C44550N60453646,128,10,0,0,138,0,138,128
2/26/2021,7VT615377C412574V,114,45,0,0,159,0,159,114
2/25/2021,08W955379X0212043,60,5,0,0,65,0,65,60
2/22/2021,9SF52929F0376182W,60,10,0,0,70,0,70,60
2/17/2021,6MT62744GY382261H,92,8,0,0,100,0,100,92
2/14/2021,73666456SB810192G,28,5,0,0,33,0,33,28
2/13/2021,5B9975636A776182H,45,5,0,0,50,0,50,45
2/13/2021,28D82145SB458810U,60,10,0,0,70,0,70,60
2/12/2021,5PL90913TG967553D,93,18,0,0,111,0,111,93
2/9/2021,57M469041Y841613V,40,5,0,0,45,0,45,40
2/8/2021,8D841617BT599214K,45,5,0,0,50,0,50,45
2/6/2021,9YH337184J6598104,28,5,0,0,33,0,33,28
2/6/2021,3V45977089259210T,70,8,0,0,78,0,78,70
2/5/2021,34P165066S946452G,48,5,0,0,53,0,53,48
2/5/2021,2XT691362Y957710E,58,8,0,0,66,0,66,58
2/5/2021,9C125472LY760832N,54,8,0,0,62,0,62,54
2/5/2021,19H77413983041848,38,10,0,0,48,0,48,38
2/5/2021,74F14623TK3640434,98,10,0,0,108,0,108,98
2/5/2021,4S822792BW986582B,128,10,0,0,138,0,138,128
2/5/2021,8N373236PN1929830,114,45,0,0,159,0,159,114
2/5/2021,81T30183XA093043S,54,29,0,0,83,0,83,54
2/5/2021,74D32384XF8296207,54,8,0,0,62,0,62,54
2/5/2021,26X996568J763081G,168,22,0,0,190,0,190,168
2/5/2021,60A73847RF078453M,86,10,0,0,96,0,96,86
2/5/2021,9R908758ES461631L,28,5,0,0,33,0,33,28
2/5/2021,7FJ46836E7303954H,128,10,0,0,138,0,138,128
2/5/2021,3R601721Y1558162M,58,29,0,0,87,0,87,58
2/4/2021,3JG30474AP7168432,45,10,0,0,55,0,55,45
2/3/2021,38J71536DR5211019,40,8,0,0,48,0,48,40
2/2/2021,8YV02364S0490715A,98,14,0,0,112,0,112,98
2/2/2021,4KB04027F66502936,78,10,0,0,88,0,88,78
1/31/2021,3RM27529L74727150,44,5,0,0,49,0,49,44
1/30/2021,3TK21240H67843524,98,29,0,0,127,0,127,98
1/29/2021,47P89924E73973306,60,5,0,0,65,0,65,60
1/24/2021,5LJ09796DW3640403,45,5,0,0,50,0,50,45
1/24/2021,6JF929981N692923N,40,5,0,0,45,0,45,40
1/22/2021,3PV29825YU116374N,44,5,0,0,49,0,49,44
1/22/2021,5CC08566M13351223,40,5,0,0,45,0,45,40
1/22/2021,68K2465405089153S,60,5,0,0,65,0,65,60
1/22/2021,3YY46768HW3406633,40,5,0,0,45,0,45,40
1/22/2021,33T0640172347812C,92,8,0,0,100,0,100,92
1/22/2021,08R62375N0027992W,74,8,0,0,82,0,82,74
1/22/2021,6JY36879A6338821K,65,10,0,0,75,0,75,65
1/22/2021,5CS18899W64692533,48,23,0,0,71,0,71,48
1/22/2021,9CT93315NR991063D,80,14,0,0,94,0,94,80
1/19/2021,8CS018979G214102X,78,8,0,0,86,0,86,78
1/18/2021,8F61560054796245R,45,5,0,0,50,0,50,45
1/17/2021,4H8103599X506571J,48,23,0,0,71,0,71,48
1/15/2021,77029098J72048938,88,8,0,0,96,0,96,88
1/15/2021,8RW88793MW514182C,128,10,0,0,138,0,138,128
1/15/2021,6E470926H3765062S,60,8,0,0,68,0,68,60
1/15/2021,67P1152964582245T,28,5,0,0,33,0,33,28
1/15/2021,3U645598EX059405W,113,10,0,0,123,0,123,113
1/15/2021,23P41105W79353921,128,8,0,0,136,0,136,128
1/15/2021,6AB72430RG7828736,353,18,0,0,371,0,371,353
1/15/2021,4GH11858021039533,68,8,0,0,76,0,76,68
1/13/2021,6TA32183BU893841Y,128,45,0,0,173,0,173,128
1/11/2021,6RP18601WE078283U,32,8,0,0,40,0,40,32
1/11/2021,6CJ89114EB952115P,60,5,0,0,65,0,65,60
1/10/2021,5C768589JG771593L,65,5,0,0,70,0,70,65
1/10/2021,3BY21840N5861593N,118,14,0,0,132,0,132,118
1/8/2021,2NJ46545NX5599129,148,10,0,0,158,0,158,148
1/8/2021,6A6402985T346512Y,60,5,0,0,65,0,65,60
1/8/2021,8521238550743521A,60,5,0,0,65,0,65,60
1/5/2021,8CH189861V405411N,45,5,0,0,50,0,50,45
1/2/2021,37B362510P7983829,118,5,0,0,123,0,123,118
1/2/2021,3NW59215AS486860E,65,5,0,0,70,0,70,65
12/31/2020,1R796379VR210945C,118,14,0,0,132,0,132,118
12/31/2020,7JT54487941629405,138,14,0,0,152,0,152,138
12/30/2020,7EF87572RF457462L,248,10,0,0,258,0,258,248
12/30/2020,4PX03500VS7301844,85,5,0,0,90,0,90,85
12/29/2020,32142338GP082443E,158,14,0,0,172,0,172,158
12/29/2020,0P093576F0350833E,148,10,0,0,158,0,158,148
12/29/2020,183932278J3195026,78,10,0,0,88,0,88,78
12/28/2020,9C72944007259201E,47,23,0,0,70,0,70,47
12/24/2020,3RM39429NG107314G,158,37,0,0,195,0,195,158
12/24/2020,2U895418VG149760P,65,8,0,0,73,0,73,65
12/24/2020,1LK72552UD9007944,72,10,0,0,82,0,82,72
12/23/2020,41D72195W21817928,78,8,0,0,86,0,86,78
12/23/2020,8XD9828547763884P,128,37,0,0,165,0,165,128
12/23/2020,5XE903503P4185235,83,10,0,0,93,0,93,83
12/23/2020,16319143NA440880G,65,8,0,0,73,0,73,65
12/23/2020,7TV18732EL461342K,75,8,0,0,83,0,83,75
12/23/2020,8L913713XU305713C,72,29,0,0,101,0,101,72
12/21/2020,561191819A990440H,328,14,0,0,342,0,342,328
12/20/2020,3NL02082H1465072D,78,5,0,0,83,0,83,78
12/19/2020,0NR88299JW702493S,32,5,0,0,37,0,37,32
12/18/2020,4MC58870WF946732F,128,10,0,0,138,0,138,128
12/18/2020,9WD48531263655025,32,5,0,0,37,0,37,32
12/18/2020,6BR76112698830053,32,5,0,0,37,0,37,32
12/18/2020,4T1572613D917570H,32,5,0,0,37,0,37,32
12/17/2020,46155743A77776747,256,10,0,0,266,0,266,256
12/17/2020,0HG74549NC0415513,98,10,0,0,108,0,108,98
12/16/2020,3RP77467S2272453S,96,10,0,0,106,0,106,96
12/15/2020,3EJ86834NF901832T,278,14,0,0,292,0,292,278
12/15/2020,4WJ557842G7376220,148,10,0,0,158,0,158,148
12/15/2020,39757533D5946204N,118,10,0,0,128,0,128,118
12/15/2020,1766472100316042J,656,22,0,0,678,0,678,656
12/15/2020,53S36376JM5075700,128,10,0,0,138,0,138,128
12/15/2020,51E073610T184532H,258,14,0,0,272,0,272,258
12/15/2020,2D988269S1435971S,128,10,0,0,138,0,138,128
12/14/2020,5FV700470K713530G,70,29,0,0,99,0,99,70
12/13/2020,8RT54357UT511001V,38,8,0,0,46,0,46,38
12/13/2020,14132556GC590682J,118,10,0,0,128,0,128,118
12/11/2020,61R73864WF948711H,158,10,0,0,168,0,168,158
12/11/2020,8JS717486Y932710Y,128,10,0,0,138,0,138,128
12/11/2020,58081253FK5039026,54,10,0,0,64,0,64,54
12/11/2020,85G11237TJ1536305,65,10,0,0,75,0,75,65
12/11/2020,3NW545786V985084S,128,10,0,0,138,0,138,128
12/11/2020,3GG31618U3600544A,54,10,0,0,64,0,64,54
12/6/2020,8J0462245M298064K,88,8,0,0,96,0,96,88
12/6/2020,0FF67056G50074009,148,10,0,0,158,0,158,148
12/6/2020,0SP76403V0865044M,45,8,0,0,53,0,53,45
12/5/2020,60R99233J1821302N,186,10,0,0,196,0,196,186
12/5/2020,4W624710W9942734F,118,14,0,0,132,0,132,118
12/5/2020,2BU44687418551623,120,8,0,0,128,0,128,120
12/5/2020,0JM86878W5692922D,74,10,0,0,84,0,84,74
12/5/2020,7EK60608DG6230746,98,29,0,0,127,0,127,98
12/4/2020,00J5734292822834E,156,18,0,0,174,0,174,156
12/4/2020,3F418070577810819,60,8,0,0,68,0,68,60
12/4/2020,78P66703J8023984H,158,8,0,0,166,0,166,158
12/4/2020,86C972701N540013G,118,10,0,0,128,0,128,118
12/4/2020,8FE32376GB560863A,158,37,0,0,195,0,195,158
12/4/2020,6HV93013610801330,72,8,0,0,80,0,80,72
12/4/2020,2Y468984RY5509224,40,5,0,0,45,0,45,40
12/4/2020,1P7891993B7327711,158,8,0,0,166,0,166,158
12/1/2020,9TJ790069G562122T,40,5,0,0,45,0,45,40
12/1/2020,24Y54589KP583181S,113,8,0,0,121,0,121,113
12/1/2020,37V86399W2811505N,88,8,0,0,96,0,96,88
12/1/2020,2UB7664502773992K,148,10,0,0,158,0,158,148
12/1/2020,6P725652EJ5246825,38,5,0,0,43,0,43,38
11/27/2020,1X9912643M108952A,56,8,0,0,64,0,64,56
11/27/2020,6PN14564SD8289303,63,5,0,0,68,0,68,63
11/26/2020,6L705192VV7170719,25.2,5,0,0,30.2,0,30.2,25.2
11/26/2020,8TX96094J7081050F,119,10,0,0,129,0,129,119
11/26/2020,437513742Y6166300,31.5,5,0,0,36.5,0,36.5,31.5
11/25/2020,29M558847A4521056,31.5,5,0,0,36.5,0,36.5,31.5
11/25/2020,6UC14343WT985852F,70,8,0,0,78,0,78,70
11/23/2020,12M52008FG5479834,248,37,0,0,285,0,285,248
11/23/2020,42H98243YW0144544,126,10,0,0,136,0,136,126
11/23/2020,77417481LC731521G,248,10,0,0,258,0,258,248
11/23/2020,2AG26256ES364480R,28,5,0,0,33,0,33,28
11/20/2020,8K6125811K653092K,38,23,0,0,61,0,61,38
11/19/2020,5JK42232SY735904M,60,23,0,0,83,0,83,60
11/19/2020,4TN97761U5852750L,56,5,0,0,61,0,61,56
11/19/2020,4GJ99193MH347182N,38,5,0,0,43,0,43,38
11/19/2020,4NL91840FS931313N,93,8,0,0,101,0,101,93
11/19/2020,51Y627448J134250B,40,5,0,0,45,0,45,40
11/19/2020,83V78508JF724560X,45,5,0,0,50,0,50,45
11/19/2020,7X683616AE010345X,32,5,0,0,37,0,37,32
11/19/2020,99A85037RR172391L,36,5,0,0,41,0,41,36
11/19/2020,2BF402176G489210J,66,10,0,0,76,0,76,66
11/19/2020,2H547996WM419112U,36,5,0,0,41,0,41,36
11/19/2020,7XF23889761609818,50,5,0,0,55,0,55,50
11/19/2020,2FW24315S0999014K,34,5,0,0,39,0,39,34
11/19/2020,20K630319M7890847,60,5,0,0,65,0,65,60
11/19/2020,0XN85565EK327870E,45,5,0,0,50,0,50,45
11/18/2020,2DS163506F7437046,48,8,0,0,56,0,56,48
11/18/2020,4AH219123J300512K,28,5,0,0,33,0,33,28
11/18/2020,0GL58561FX4745925,76,10,0,0,86,0,86,76
11/18/2020,7E306041PN002111R,46,8,0,0,54,0,54,46
11/18/2020,05F75040B89546019,28,5,0,0,33,0,33,28
11/18/2020,2YM893471A149872S,56,8,0,0,64,0,64,56
11/18/2020,7P608016818666001,28,5,0,0,33,0,33,28
11/17/2020,5KE18192D3410052S,76,10,0,0,86,0,86,76
11/17/2020,6VG67702SS8542816,48,8,0,0,56,0,56,48
11/17/2020,5AX30934FL451404B,28,5,0,0,33,0,33,28
11/17/2020,0BM114759A573322R,28,5,0,0,33,0,33,28
11/17/2020,92P55727P66460214,48,8,0,0,56,0,56,48
11/17/2020,8JK330090N9574213,48,8,0,0,56,0,56,48
11/17/2020,3HK27828SN4000503,28,5,0,0,33,0,33,28
11/17/2020,0LJ83406RC131063H,48,8,0,0,56,0,56,48
11/17/2020,5LK39694EW2868244,28,5,0,0,33,0,33,28
11/17/2020,6S983423NA7286714,28,5,0,0,33,0,33,28
11/17/2020,3TW202799P1346839,48,8,0,0,56,0,56,48
11/17/2020,3DF97725UW096670H,28,5,0,0,33,0,33,28
11/17/2020,5F009827UE8504416,28,5,0,0,33,0,33,28
11/17/2020,9GJ0421662162334R,48,8,0,0,56,0,56,48
11/17/2020,6AL38415DP510830B,48,8,0,0,56,0,56,48
11/17/2020,6LP28063177927341,48,8,0,0,56,0,56,48
11/17/2020,4HH559257K249984K,28,5,0,0,33,0,33,28
11/17/2020,87579657CU133140T,10,5,0,0,15,0,15,10
11/17/2020,9LY6135378546510F,28,5,0,0,33,0,33,28
11/17/2020,8RW368775E627021U,76,10,0,0,86,0,86,76
11/17/2020,7RY26603XM293124W,28,5,0,0,33,0,33,28
11/17/2020,3PW14052EB459545T,56,8,0,0,64,0,64,56
11/17/2020,07F81323FU867253D,28,5,0,0,33,0,33,28
11/17/2020,40728015AX4702747,124,14,0,0,138,0,138,124
11/17/2020,5UN771185P256031V,104,14,0,0,118,0,118,104
11/17/2020,0YJ47601T8709060B,28,5,0,0,33,0,33,28
11/15/2020,64K64791CH8505454,54,37,0,0,91,0,91,54
11/10/2020,28V394029F6739244,45,8,0,0,53,0,53,45
11/9/2020,2FC57782CH885600T,36,8,0,0,44,0,44,36
11/9/2020,2B8655332U132284M,28,5,0,0,33,0,33,28
11/8/2020,7FA21525AW224842M,18,5,0,0,23,0,23,18
11/8/2020,2U6264223C676532E,18,5,0,0,23,0,23,18
11/8/2020,93P57701P3888114D,18,5,0,0,23,0,23,18
11/8/2020,71F956113V782444Y,53,8,0,0,61,0,61,53
11/8/2020,7BB659371W3072349,28,8,0,0,36,0,36,28
11/8/2020,0B882963S6489924U,18,5,0,0,23,0,23,18
11/8/2020,3LP01980D59871648,18,5,0,0,23,0,23,18
11/8/2020,8RP06319NA9506701,18,5,0,0,23,0,23,18
11/8/2020,1RU37581DJ4292703,18,5,0,0,23,0,23,18
11/8/2020,65380075WC279092G,18,5,0,0,23,0,23,18
11/8/2020,3M258719TK6498022,18,5,0,0,23,0,23,18
11/8/2020,8BY36770577314638,18,5,0,0,23,0,23,18
11/8/2020,8TM78763SC771310C,36,8,0,0,44,0,44,36
11/8/2020,9FB85913RR4902059,18,5,0,0,23,0,23,18
11/8/2020,23K734098X0848149,18,5,0,0,23,0,23,18
11/7/2020,1AS14713M3310650C,238,14,0,0,252,0,252,238
11/7/2020,8SE00610A55682817,80,8,0,0,88,0,88,80
11/6/2020,14114388LW2725524,56,5,0,0,61,0,61,56
11/6/2020,16P97150S1132184X,184,8,0,0,192,0,192,184
11/6/2020,0468946078745111T,65,5,0,0,70,0,70,65
11/6/2020,9R366836E5803684B,128,5,0,0,133,0,133,128
11/6/2020,3XJ4414772886543N,65,5,0,0,70,0,70,65
11/6/2020,0MH917116P0597529,60,8,0,0,68,0,68,60
11/6/2020,1HV51885FC043913G,53,10,0,0,63,0,63,53
11/6/2020,9Y4416142V4262644,45,5,0,0,50,0,50,45
11/6/2020,7SV35229C4578200F,80,8,0,0,88,0,88,80
11/5/2020,6XR367560L492793C,18,5,0,0,23,0,23,18
11/5/2020,7F6972407H708974W,140,37,0,0,177,0,177,140
11/5/2020,23L1016078009311Y,18,5,0,0,23,0,23,18
11/5/2020,3X845985KG9298841,10,5,0,0,15,0,15,10
11/4/2020,4UJ402515G831784F,18,5,0,0,23,0,23,18
11/4/2020,7HR24277V9409193T,18,5,0,0,23,0,23,18
11/4/2020,6CA42598FG839680F,36,8,0,0,44,0,44,36
11/4/2020,4TX615438C9308210,18,5,0,0,23,0,23,18
11/4/2020,4JU87587CR144094E,36,8,0,0,44,0,44,36
11/4/2020,3VB899767X217584X,18,23,0,0,41,0,41,18
11/4/2020,5UB31258BM2441848,18,5,0,0,23,0,23,18
11/4/2020,7DE43201T3322054G,18,5,0,0,23,0,23,18
10/23/2020,0RG58614EH417051J,28,5,0,0,33,0,33,28
10/23/2020,13B77576HF0599844,56,29,0,0,85,0,85,56
10/23/2020,4HU13485DW3957022,28,5,0,0,33,0,33,28
10/23/2020,4FG85539FV9039500,28,5,0,0,33,0,33,28
10/23/2020,5CA99128S90451105,28,5,0,0,33,0,33,28
10/23/2020,0ME22868VR375720P,28,5,0,0,33,0,33,28
10/23/2020,4U9063097A806131S,28,23,0,0,51,0,51,28
10/22/2020,4AR32943N8848184P,28,5,0,0,33,0,33,28
10/22/2020,74P6812827439220X,28,5,0,0,33,0,33,28
10/22/2020,5AL24161L55960731,28,5,0,0,33,0,33,28
10/22/2020,22S618157G402410S,76,37,0,0,113,0,113,76
10/22/2020,2C728265HV340770V,48,8,0,0,56,0,56,48
10/22/2020,6WN31143SN9241913,28,5,0,0,33,0,33,28
10/22/2020,6N707976JK976760U,76,10,0,0,86,0,86,76
10/22/2020,3WH36979YN2729616,28,5,0,0,33,0,33,28
10/22/2020,04L29004A2613780U,28,5,0,0,33,0,33,28
10/22/2020,4WX47507T44004405,76,10,0,0,86,0,86,76
10/22/2020,6W0828863R7442109,28,5,0,0,33,0,33,28
10/22/2020,8LC87931F5226390V,28,5,0,0,33,0,33,28
10/22/2020,4.83253E+16,28,5,0,0,33,0,33,28
10/22/2020,1XS43070XB043213D,28,5,0,0,33,0,33,28
10/22/2020,0NL193488V330694V,28,5,0,0,33,0,33,28
10/22/2020,6LN711296F3655049,28,5,0,0,33,0,33,28
10/22/2020,9MF295660R146432B,56,8,0,0,64,0,64,56
10/22/2020,6KJ181019S2692105,28,5,0,0,33,0,33,28
10/22/2020,9X8734218M576793H,28,5,0,0,33,0,33,28
10/22/2020,4SH93383WS986472F,28,5,0,0,33,0,33,28
10/22/2020,1VY09294X1890070L,28,5,0,0,33,0,33,28
10/22/2020,461179073Y514311G,28,5,0,0,33,0,33,28
10/22/2020,41T51983NB320694M,28,5,0,0,33,0,33,28
10/22/2020,82778783C08160139,28,5,0,0,33,0,33,28
10/22/2020,3RJ9187637509684W,56,8,0,0,64,0,64,56
10/21/2020,4TS20735HV286602A,76,10,0,0,86,0,86,76
10/21/2020,8J96302927750062F,93,10,0,0,103,0,103,93
10/21/2020,2BA79470VP413882G,28,5,0,0,33,0,33,28
10/21/2020,7U022399K6857654D,28,5,0,0,33,0,33,28
10/21/2020,3R894986P0518963C,48,5,0,0,53,0,53,48
10/21/2020,7U050712LA8305643,28,5,0,0,33,0,33,28
10/21/2020,8DK08108796704708,126,5,0,0,131,0,131,126
10/21/2020,08X96262G0235841E,48,8,0,0,56,0,56,48
10/21/2020,25117364GE936394J,56,8,0,0,64,0,64,56
10/21/2020,3CN47278L4945913C,28,5,0,0,33,0,33,28
10/21/2020,82801556CE0697649,48,8,0,0,56,0,56,48
10/21/2020,6CM196812S022992L,56,8,0,0,64,0,64,56
10/21/2020,0AF76230SX226470R,28,5,0,0,33,0,33,28
10/21/2020,4J734148P6973152P,48,5,0,0,53,0,53,48
10/20/2020,3FT32599K8918513X,28,5,0,0,33,0,33,28
10/20/2020,3SP282752N922670A,38,29,0,0,67,0,67,38
10/20/2020,2UF76778K3500235C,28,5,0,0,33,0,33,28
10/20/2020,65E58100G9831951A,48,5,0,0,53,0,53,48
10/20/2020,5WX87673ER530430J,28,5,0,0,33,0,33,28
10/20/2020,8FA157185K770592W,28,5,0,0,33,0,33,28
10/20/2020,36P32093WB168783A,48,23,0,0,71,0,71,48
10/20/2020,28A39668JD2403928,0,0,0,0,0,-46,-46,-46
10/20/2020,7KD365051K651553R,28,5,0,0,33,0,33,28
10/20/2020,8U927641100019920,48,5,0,0,53,0,53,48
10/20/2020,3BA704815J736463S,48,5,0,0,53,0,53,48
10/20/2020,6T979888X0790414L,28,5,0,0,33,0,33,28
10/20/2020,0BT2442555073892C,76,8,0,0,84,0,84,76
10/20/2020,12W06489RJ060253U,28,5,0,0,33,0,33,28
10/20/2020,56V957874U080014E,28,5,0,0,33,0,33,28
10/20/2020,9M861856JF8340630,48,5,0,0,53,0,53,48
10/20/2020,4CX50824SR351981B,38,8,0,0,46,0,46,38
10/20/2020,8VN02224D00163337,48,8,0,0,56,0,56,48
10/20/2020,2GX61067TJ580093W,28,5,0,0,33,0,33,28
10/18/2020,3V442404XS0696456,10,5,0,0,15,0,15,10
10/16/2020,93M03995LH5760000,38,8,0,0,46,0,46,38
10/16/2020,7MK89424BC026851H,28,5,0,0,33,0,33,28
10/16/2020,0RG52517XK3067239,42,5,0,0,47,0,47,42
10/16/2020,5GF912691J941251R,28,5,0,0,33,0,33,28
10/16/2020,6SP17653H77502444,28,5,0,0,33,0,33,28
10/16/2020,47G32412L3547180N,28,5,0,0,33,0,33,28
10/16/2020,28T88253R81133824,48,8,0,0,56,0,56,48
10/16/2020,90X99434T4556644S,28,5,0,0,33,0,33,28
10/16/2020,4XF72465DG1472142,48,8,0,0,56,0,56,48
10/16/2020,23R47992M71420055,28,5,0,0,33,0,33,28
10/16/2020,8G591986GV711160H,38,8,0,0,46,0,46,38
10/16/2020,2PM692957W344945Y,73,10,0,0,83,0,83,73
10/16/2020,1WP01631XN789452S,45,5,0,0,50,0,50,45
10/16/2020,26U08174RV965400H,48,8,0,0,56,0,56,48
10/16/2020,3N330409TY1630123,48,5,0,0,53,0,53,48
10/16/2020,44Y16328SN4213544,28,5,0,0,33,0,33,28
10/16/2020,7KW41351WM342515F,48,8,0,0,56,0,56,48
10/16/2020,5EL068329A343764U,28,5,0,0,33,0,33,28
10/16/2020,4FV92707YK958270B,63,8,0,0,71,0,71,63
10/15/2020,0TL62589MA217105G,56,8,0,0,64,0,64,56
10/15/2020,119913307G9090133,28,5,0,0,33,0,33,28
10/15/2020,22Y40282KA378273F,10,5,0,0,15,0,15,10
10/15/2020,7J418996JG0361818,48,5,0,0,53,0,53,48
10/15/2020,8RP100990W697234D,56,8,0,0,64,0,64,56
10/15/2020,45182395PX326804K,56,8,0,0,64,0,64,56
10/15/2020,3E753973M27019402,38,8,0,0,46,0,46,38
10/15/2020,3S1079238E460811U,48,8,0,0,56,0,56,48
10/15/2020,5E352278JD4805922,177,18,0,0,195,0,195,177
10/15/2020,6XS80223AG691263V,28,5,0,0,33,0,33,28
10/15/2020,3H354361DK7365127,84,10,0,0,94,0,94,84
10/15/2020,71488517D59500048,28,5,0,0,33,0,33,28
10/15/2020,8BW8043256715325C,38,8,0,0,46,0,46,38
10/15/2020,2HL69158X0844520A,28,5,0,0,33,0,33,28
10/15/2020,4JS12804RE0628716,48,5,0,0,53,0,53,48
10/15/2020,6VX98738MR917684X,48,5,0,0,53,0,53,48
10/15/2020,2W242060VA132453A,28,5,0,0,33,0,33,28
10/15/2020,4AE341767P351464J,76,8,0,0,84,0,84,76
10/15/2020,8MM23686DL275641D,28,5,0,0,33,0,33,28
10/15/2020,2PW15456U8107334M,48,5,0,0,53,0,53,48
10/15/2020,2U378076AA958935Y,48,8,0,0,56,0,56,48
10/15/2020,7XH1536248863551L,28,5,0,0,33,0,33,28
10/15/2020,87U32328VK367300M,48,5,0,0,53,0,53,48
10/15/2020,80Y24966JX940960N,76,8,0,0,84,0,84,76
10/15/2020,28V61798FT2568032,28,23,0,0,51,0,51,28
10/15/2020,7VK47148GM019252D,48,23,0,0,71,0,71,48
10/15/2020,0NW91544402955437,48,5,0,0,53,0,53,48
10/15/2020,6U048055UY527005T,10,5,0,0,15,0,15,10
10/15/2020,5RW67402BU780474B,48,5,0,0,53,0,53,48
10/15/2020,5DY798165K101731D,56,8,0,0,64,0,64,56
10/15/2020,82S4933949091481D,28,5,0,0,33,0,33,28
10/15/2020,44K6070502412214U,48,8,0,0,56,0,56,48
10/15/2020,3RW654531A0657438,86,10,0,0,96,0,96,86
10/15/2020,01F9015869100210D,28,5,0,0,33,0,33,28
10/15/2020,80Y90006276640101,28,5,0,0,33,0,33,28
10/15/2020,6RJ09983TM651250E,28,5,0,0,33,0,33,28
10/11/2020,16X20034FR521761F,45,5,0,0,50,0,50,45
10/11/2020,41D66815F40099540,48,5,0,0,53,0,53,48
10/9/2020,3WE464457C477704A,188,10,0,0,198,0,198,188
10/9/2020,42847384U12583225,328,5,0,0,333,0,333,328
10/9/2020,1DC39470S2478810K,87.5,10,0,0,97.5,0,97.5,87.5
10/9/2020,0HW4378489253410F,446,8,0,0,454,0,454,446
10/9/2020,57G08152VL494512X,48,5,0,0,53,0,53,48
10/3/2020,01N02689US1202704,56,5,0,0,61,0,61,56
10/1/2020,2K080819ER1674520,112,10,0,0,122,0,122,112
9/30/2020,1RT9248211235983A,110.6,8,0,0,118.6,0,118.6,110.6
9/28/2020,8MA28277MA754505V,164.5,45,0,0,209.5,0,209.5,164.5
9/28/2020,2ST59702TT472493D,15.4,5,0,0,20.4,0,20.4,15.4
9/27/2020,03M71653E58333515,21,8,0,0,29,0,29,21
9/27/2020,6VV301364J083023E,103.6,8,0,0,111.6,0,111.6,103.6
9/27/2020,4MR7625713932191J,103.6,5,0,0,108.6,0,108.6,103.6
9/25/2020,2TA543851X512011T,68.6,10,0,0,78.6,0,78.6,68.6
9/24/2020,203172595T9043121,56,5,0,0,61,0,61,56
9/24/2020,9RL30710D6597494C,33.6,23,0,0,56.6,0,56.6,33.6
9/24/2020,8LY02547T9900514V,84,5,0,0,89,0,89,84
9/24/2020,6MG28016YJ811663Y,31.5,5,0,0,36.5,0,36.5,31.5
9/23/2020,8UP753781P568432C,103.6,5,0,0,108.6,0,108.6,103.6
9/23/2020,5JJ28530BF001940V,56,5,0,0,61,0,61,56
9/23/2020,59V81631A7496374M,32,5,0,0,37,0,37,32
9/23/2020,45S953232B803045L,56,5,0,0,61,0,61,56
9/23/2020,7NC850120F040502P,175,5,0,0,180,0,180,175
9/23/2020,55W10620DV7732427,31.5,5,0,0,36.5,0,36.5,31.5
9/23/2020,50M74407MN276443T,112,5,0,0,117,0,117,112
9/19/2020,66V02600EU876702U,250,10,0,0,260,0,260,250
9/17/2020,0PR234127P116740M,176,8,0,0,184,0,184,176
9/14/2020,16M45158KY613950F,30,29,0,0,59,0,59,30
9/10/2020,8X5929523S907651M,80,23,0,0,103,0,103,80
9/10/2020,5LE76812367014206,44,23,0,0,67,0,67,44
9/10/2020,68856523RT062833N,75,5,0,0,80,0,80,75
9/10/2020,97F55980M6347481M,44,5,0,0,49,0,49,44
9/10/2020,82E66782E2379213Y,120,8,0,0,128,0,128,120
9/10/2020,9KT366140L3753403,78,8,0,0,86,0,86,78
9/10/2020,85E64900C5758483U,80,5,0,0,85,0,85,80
9/10/2020,38354283BC264361U,76,8,0,0,84,0,84,76
9/9/2020,37U64165WD251393D,75,5,0,0,80,0,80,75
9/7/2020,2KA95410EC2844505,74,8,0,0,82,0,82,74
9/5/2020,5SK97135468489648,38,23,0,0,61,0,61,38
9/5/2020,021625665C859183E,80,8,0,0,88,0,88,80
9/5/2020,3P333943W2458683V,40,5,0,0,45,0,45,40
9/5/2020,7X0255987J671830B,80,5,0,0,85,0,85,80
9/5/2020,0M609902YA579044W,22,5,0,0,27,0,27,22
9/5/2020,94F084931L950621D,45,5,0,0,50,0,50,45
9/4/2020,6UX26056G1891680P,40,5,0,0,45,0,45,40
9/4/2020,8HC72035RY502011H,44,5,0,0,49,0,49,44
9/4/2020,4AP78081V2966183D,317,14,0,0,331,0,331,317
9/4/2020,3RP805741V232621L,122,8,0,0,130,0,130,122
9/4/2020,6DN228035A808483S,80,8,0,0,88,0,88,80
9/4/2020,7E735760TE8591408,48,5,0,0,53,0,53,48
9/4/2020,24X92660TU240313P,56,8,0,0,64,0,64,56
9/4/2020,24777621BT189941N,127,10,0,0,137,0,137,127
9/4/2020,6WL65024G5281301M,40,5,0,0,45,0,45,40
9/4/2020,3N210878YN189494U,248,45,0,0,293,0,293,248
9/4/2020,4UK497394E219054L,22,5,0,0,27,0,27,22
9/4/2020,8XY101178C117671J,22,5,0,0,27,0,27,22
9/4/2020,5YP37549GN9153156,130,10,0,0,140,0,140,130
9/4/2020,8T661175EJ889031T,65,5,0,0,70,0,70,65
9/4/2020,6CX80097BS183374N,60,5,0,0,65,0,65,60
9/4/2020,5JK58111HF334291R,22,5,0,0,27,0,27,22
9/2/2020,1P036003HK097742N,45,5,0,0,50,0,50,45
9/2/2020,3T131880RD864205T,25,5,0,0,30,0,30,25
9/1/2020,8M364375U30259703,98,8,0,0,106,0,106,98
8/31/2020,6GR598968D932261E,74,8,0,0,82,0,82,74
8/30/2020,44B606200H688081N,130,8,0,0,138,0,138,130
8/30/2020,0394519791450270H,108,37,0,0,145,0,145,108
8/30/2020,63A43989WD331081C,150,5,0,0,155,0,155,150
8/30/2020,94J08229128922402,40,5,0,0,45,0,45,40
8/28/2020,55A198096R363604S,80,5,0,0,85,0,85,80
8/27/2020,92457324S6827721L,38,5,0,0,43,0,43,38
8/27/2020,3413141137546153S,48,5,0,0,53,0,53,48
8/27/2020,66J976532G0733150,80,5,0,0,85,0,85,80
8/25/2020,86E45670UW865391L,32,5,0,0,37,0,37,32
8/25/2020,21S72671HT129300K,38,23,0,0,61,0,61,38
8/21/2020,9HJ15273T0598511H,180,37,0,0,217,0,217,180
8/20/2020,99239491CU781803W,32,5,0,0,37,0,37,32
8/20/2020,04X35734SK793944F,40,5,0,0,45,0,45,40
8/18/2020,4NK80559H38266058,28,5,0,0,33,0,33,28
8/17/2020,9UC22814R17505045,28,5,0,0,33,0,33,28
8/17/2020,2FA144865P0866411,90,10,0,0,100,0,100,90
8/17/2020,08K30639U9346682R,125,14,0,0,139,0,139,125
8/17/2020,6S4803117F094935Y,30,5,0,0,35,0,35,30
8/17/2020,50P6376868401235C,34,5,0,0,39,0,39,34
8/16/2020,85K572997B381243G,148,5,0,0,153,0,153,148
8/16/2020,3N169333UK131862B,245,10,0,0,255,0,255,245
8/16/2020,4YC35206TR7029105,90,10,0,0,100,0,100,90
8/15/2020,2VA25569NS9202803,25,5,0,0,30,0,30,25
8/15/2020,090185036V726605K,25,5,0,0,30,0,30,25
8/15/2020,27S40006L6456732Y,25,5,0,0,30,0,30,25
8/15/2020,4UN55918NX323861V,25,5,0,0,30,0,30,25
8/15/2020,6VR12825BD1727452,70,10,0,0,80,0,80,70
8/15/2020,4U5223207X803610L,25,5,0,0,30,0,30,25
8/14/2020,2PG56494TJ674662G,62,8,0,0,70,0,70,62
8/14/2020,783645446X601172M,30,5,0,0,35,0,35,30
8/12/2020,84595490A9991305M,30,5,0,0,35,0,35,30
8/12/2020,9A456038UT764434B,145,5,0,0,150,0,150,145
8/10/2020,9TM659925E7441624,60,8,0,0,68,0,68,60
8/10/2020,044419302C831600D,88,5,0,0,93,0,93,88
8/10/2020,6JT27183FW542664H,56,8,0,0,64,0,64,56
8/10/2020,0D4403363P251802X,170,65,0,0,235,0,235,170
8/10/2020,0MA42544J56649645,28,5,0,0,33,0,33,28
8/10/2020,2TV45863EE269362V,30,5,0,0,35,0,35,30
8/10/2020,2GT66592FY039892T,32,5,0,0,37,0,37,32
8/10/2020,9KM769813B386610W,25,5,0,0,30,0,30,25
8/10/2020,09C9416327657741C,22,5,0,0,27,0,27,22
8/10/2020,65J90552N57950406,113,14,0,0,127,0,127,113
8/8/2020,4MJ86444L97048534,180,5,0,0,185,0,185,180
8/8/2020,4DG3206104072851K,88,5,0,0,93,0,93,88
8/7/2020,65Y949439F1173741,45,5,0,0,50,0,50,45
8/7/2020,8.38844E+16,478,8,0,0,486,0,486,478
8/7/2020,0H054931NH0844717,60,5,0,0,65,0,65,60
8/7/2020,5E846488TD632320W,40,5,0,0,45,0,45,40
8/7/2020,61V101512J878581B,42,5,0,0,47,0,47,42
8/7/2020,0EJ74667E3500823A,98,5,0,0,103,0,103,98
8/7/2020,8NC35134KH3888814,80,5,0,0,85,0,85,80
8/7/2020,873138585J091450J,45,5,0,0,50,0,50,45
8/7/2020,52T470088R8500454,40,5,0,0,45,0,45,40
8/7/2020,5C333374FL439083A,68,5,0,0,73,0,73,68
8/7/2020,5XM55500WE1430611,360,45,0,0,405,0,405,360
8/6/2020,9X056000JR544832D,120,10,0,0,130,0,130,120
8/5/2020,030634224U613082J,24,5,0,0,29,0,29,24
8/5/2020,3D7840705C264834U,38,5,0,0,43,0,43,38
8/4/2020,3KT83412FH560852E,110,10,0,0,120,0,120,110
8/4/2020,4BC738490V5183915,280,8,0,0,288,0,288,280
8/3/2020,8XS90404LL935540Y,116,8,0,0,124,0,124,116
8/3/2020,7YG93838AC3773712,28,5,0,0,33,0,33,28
8/2/2020,0BW590681P190643W,160,5,0,0,165,0,165,160
8/1/2020,37074674X46633329,45,5,0,0,50,0,50,45
8/1/2020,20V742012H052311W,65,29,0,0,94,0,94,65
8/1/2020,0J765749LC9338146,160,5,0,0,165,0,165,160
8/1/2020,1LY86174GF151521H,38,5,0,0,43,0,43,38
8/1/2020,2KD38771KJ938921N,360,8,0,0,368,0,368,360
7/31/2020,22Y18210YX9971254,128,10,0,0,138,0,138,128
7/31/2020,17136180GX1570408,88,10,0,0,98,0,98,88
7/31/2020,0EV62952GW3870421,183,14,0,0,197,0,197,183
7/31/2020,2LH04343R51887003,32,5,0,0,37,0,37,32
7/31/2020,20X59458P5324602G,48,5,0,0,53,0,53,48
7/31/2020,9D066974D3285180M,58,5,0,0,63,0,63,58
7/31/2020,4M763268YH609273D,32,23,0,0,55,0,55,32
7/31/2020,3LN06900WV864391X,58,8,0,0,66,0,66,58
7/31/2020,3WR47445BX404122P,65,5,0,0,70,0,70,65
7/31/2020,94N43704M3833725E,118,10,0,0,128,0,128,118
7/30/2020,9J353439EC762313M,28,5,0,0,33,0,33,28
7/29/2020,64D21996EF0356930,66,29,0,0,95,0,95,66
7/28/2020,0D3822479E708164P,28,5,0,0,33,0,33,28
7/28/2020,291801653G438802C,25,5,0,0,30,0,30,25
7/28/2020,8CL6081465627480C,28,5,0,0,33,0,33,28
7/28/2020,77161923UR0226433,147,45,0,0,192,0,192,147
7/28/2020,02G92371VP755791L,15,5,0,0,20,0,20,15
7/28/2020,4GY72201P9273012A,32,5,0,0,37,0,37,32
7/28/2020,9NN13789A8661991L,64,8,0,0,72,0,72,64
7/27/2020,8X088178PG0930422,62,8,0,0,70,0,70,62
7/27/2020,23A48288JD528971L,68,8,0,0,76,0,76,68
7/27/2020,7V008104R9748963D,40,5,0,0,45,0,45,40
7/27/2020,6K0157451M065020N,58,8,0,0,66,0,66,58
7/27/2020,1SR23453JB368994D,30,5,0,0,35,0,35,30
7/27/2020,72J92150J92535315,60,8,0,0,68,0,68,60
7/27/2020,9LH75487WL8205003,28,5,0,0,33,0,33,28
7/27/2020,5G923949NR316353Y,60,8,0,0,68,0,68,60
7/26/2020,8BE23746AW615463L,60,5,0,0,65,0,65,60
7/24/2020,1YM89079PT6396842,80,5,0,0,85,0,85,80
7/24/2020,6S140279YL814481F,100,5,0,0,105,0,105,100
7/24/2020,2KY776763T9754714,400,8,0,0,408,0,408,400
7/24/2020,7MN00109LP6071259,250,5,0,0,255,0,255,250
7/24/2020,73P057636A531931T,180,23,0,0,203,0,203,180
7/24/2020,7CL35217CW2455252,150,5,0,0,155,0,155,150
7/23/2020,4RV20595A68361207,80,5,0,0,85,0,85,80
7/23/2020,23460701RW811422P,45,23,0,0,68,0,68,45
7/22/2020,52J4098843879301Y,40,5,0,0,45,0,45,40
7/21/2020,9YR65555J4153512G,60,5,0,0,65,0,65,60
7/21/2020,9S478056C32334639,40,5,0,0,45,0,45,40
7/21/2020,15F71395SS772870D,40,5,0,0,45,0,45,40
7/21/2020,01306795Y99166843,65,5,0,0,70,0,70,65
7/21/2020,8NC62131R0370212S,140,37,0,0,177,0,177,140
7/21/2020,66969275GG818623P,40,5,0,0,45,0,45,40
7/20/2020,8LS31812ML929573B,40,5,0,0,45,0,45,40
7/18/2020,92597516W5539884R,50,5,0,0,55,0,55,50
7/18/2020,3YA36847L9707344P,60,5,0,0,65,0,65,60
7/16/2020,1MJ98787KW317760V,80,23,0,0,103,0,103,80
7/15/2020,5XW404859D879852K,50,5,0,0,55,0,55,50
7/15/2020,4JJ47371F3377184U,25,5,0,0,30,0,30,25
7/15/2020,2NC3466912381760U,50,5,0,0,55,0,55,50
7/14/2020,2FS56473HW432143S,80,5,0,0,85,0,85,80
7/13/2020,1VB91548H07059323,40,5,0,0,45,0,45,40
7/13/2020,1ME566616Y9540314,50,5,0,0,55,0,55,50
7/13/2020,18D24439TW725041B,45,5,0,0,50,0,50,45
7/13/2020,3J843989YX7713436,85,8,0,0,93,0,93,85
7/13/2020,62U53166WL570991F,45,5,0,0,50,0,50,45
7/13/2020,29S3343226080101T,55,5,0,0,60,0,60,55
7/13/2020,21Y68495D93513621,230,37,0,0,267,0,267,230
7/13/2020,04G78921V2999551J,100,5,0,0,105,0,105,100
7/13/2020,8CP786672T589104V,45,5,0,0,50,0,50,45
7/13/2020,6D420418F4339822D,80,29,0,0,109,0,109,80
7/10/2020,97W588495Y5332447,100,5,0,0,105,0,105,100
7/10/2020,09T05653UK6812924,220,8,0,0,228,0,228,220
7/10/2020,0HB321297R105403C,60,5,0,0,65,0,65,60
7/10/2020,4WV40767J5011923T,140,29,0,0,169,0,169,140
7/9/2020,57E19657K24721014,240,10,0,0,250,0,250,240
7/9/2020,0YX138423X009992D,100,5,0,0,105,0,105,100
7/8/2020,7L7821331P2365412,40,5,0,0,45,0,45,40
7/8/2020,8.66456E+16,40,5,0,0,45,0,45,40
7/7/2020,00K98908TG941652U,105,8,0,0,113,0,113,105
7/6/2020,2JN0659290436315C,80,29,0,0,109,0,109,80
7/6/2020,04439903RG330592U,80,8,0,0,88,0,88,80
7/6/2020,5SR6626003092501W,45,5,0,0,50,0,50,45
7/6/2020,7NK78257YR1348211,60,5,0,0,65,0,65,60
7/6/2020,0MY25698HJ647090U,50,5,0,0,55,0,55,50
7/6/2020,7SP77228GE246214P,80,8,0,0,88,0,88,80
7/2/2020,75C355230A381573M,150,10,0,0,160,0,160,150
6/30/2020,4YY2563441930733Y,85,8,0,0,93,0,93,85
6/30/2020,2T292303DT5577020,60,5,0,0,65,0,65,60
6/30/2020,6L185860020046916,165,10,0,0,175,0,175,165
6/30/2020,4LE15982H5211664E,45,5,0,0,50,0,50,45
6/30/2020,0LE32901WD817852D,40,5,0,0,45,0,45,40
6/30/2020,5B4084431K222154Y,45,5,0,0,50,0,50,45
6/29/2020,9EX16478GG3831100,65,5,0,0,70,0,70,65
6/29/2020,0K143173DB410914E,40,5,0,0,45,0,45,40
6/29/2020,1RS61292708951333,60,5,0,0,65,0,65,60
6/29/2020,093945821W084534A,140,37,0,0,177,0,177,140
6/29/2020,70R20603FJ633053C,45,5,0,0,50,0,50,45
6/28/2020,2T976260C07673803,40,5,0,0,45,0,45,40
6/28/2020,1H9851965R122805C,280,10,0,0,290,0,290,280
6/28/2020,47N85230GM286171C,80,5,0,0,85,0,85,80
6/26/2020,9SF19520KJ679825M,80,8,0,0,88,0,88,80
6/24/2020,9YG889128Y546454N,125,5,0,0,130,0,130,125
6/24/2020,9XU28161LR8271455,185,14,0,0,199,0,199,185
6/24/2020,893242502V645580A,40,5,0,0,45,0,45,40
6/24/2020,5CL66337LE553654B,130,8,0,0,138,0,138,130
6/23/2020,54K00522M6444844B,260,37,0,0,297,0,297,260
6/23/2020,55X283438J4480201,60,5,0,0,65,0,65,60
6/23/2020,0SF81916H77433041,60,5,0,0,65,0,65,60
6/23/2020,5TE104275P6987017,65,5,0,0,70,0,70,65
6/23/2020,7G661694ET276431T,40,5,0,0,45,0,45,40
6/23/2020,9P977436436658446,45,5,0,0,50,0,50,45
6/23/2020,23T57284WU769921C,45,5,0,0,50,0,50,45
6/23/2020,7D871894YH777674H,40,5,0,0,45,0,45,40
6/23/2020,74S93844J5688794Y,40,5,0,0,45,0,45,40
6/23/2020,69A957205G9543222,45,5,0,0,50,0,50,45
6/23/2020,5.48327E+16,120,5,0,0,125,0,125,120
6/23/2020,8AT62842RE076620E,530,22,0,0,552,0,552,530
6/23/2020,4AX28997VJ571703T,40,5,0,0,45,0,45,40
6/22/2020,6A920381L5714430R,125,5,0,0,130,0,130,125
6/21/2020,6HN77515JJ007751G,40,23,0,0,63,0,63,40
6/21/2020,8F550458WA315662E,45,5,0,0,50,0,50,45
6/19/2020,49M6347044878132N,120,5,0,0,125,0,125,120
6/19/2020,72S49838V0081252G,40,5,0,0,45,0,45,40
6/19/2020,66M116784L5083239,40,5,0,0,45,0,45,40
6/19/2020,9WM94597NF609444S,205,37,0,0,242,0,242,205
6/19/2020,60T37928DK2640011,40,5,0,0,45,0,45,40
6/18/2020,51L28436XX7149919,240,10,0,0,250,0,250,240
6/18/2020,8FF641865R332834S,95,8,0,0,103,0,103,95
6/18/2020,21A13675GD841774E,40,5,0,0,45,0,45,40
6/18/2020,44M43688SJ636150N,200,5,0,0,205,0,205,200
6/18/2020,4NP248595D5541347,47,8,0,0,55,0,55,47
6/18/2020,72V78497G71132537,60,5,0,0,65,0,65,60
6/18/2020,6JF96790LR987834W,45,5,0,0,50,0,50,45
6/18/2020,4XN59735D7905281L,140,5,0,0,145,0,145,140
6/18/2020,13M04133MP485311J,85,8,0,0,93,0,93,85
6/18/2020,0TB7476815374962G,120,5,0,0,125,0,125,120
6/18/2020,2YK91361J2122181Y,40,5,0,0,45,0,45,40
6/18/2020,0EW78482SK311343K,90,8,0,0,98,0,98,90
6/18/2020,1E285883HA6622626,22,5,0,0,27,0,27,22
6/18/2020,5AG13055BR398323N,130,10,0,0,140,0,140,130
6/18/2020,5XA40602M0900613G,60,5,0,0,65,0,65,60
6/18/2020,2VP89266CU978652M,85,8,0,0,93,0,93,85
6/18/2020,746525082M049215G,45,5,0,0,50,0,50,45
6/18/2020,1MX40816WN6646837,45,5,0,0,50,0,50,45
6/18/2020,0WV49459TT4986155,45,5,0,0,50,0,50,45
6/18/2020,8YF80651EL366242Y,60,5,0,0,65,0,65,60
6/18/2020,83M47431A69705000,435,10,0,0,445,0,445,435
6/18/2020,5T4787870V4653647,60,5,0,0,65,0,65,60
6/18/2020,8F573074KY7553544,40,5,0,0,45,0,45,40
6/17/2020,2BN46282FR6272239,80,5,0,0,85,0,85,80
6/16/2020,4FG81263SR756060K,100,5,0,0,105,0,105,100
6/16/2020,67P13711GT5869232,25,5,0,0,30,0,30,25
6/16/2020,0T827565L0355744B,40,5,0,0,45,0,45,40
6/13/2020,05344569PJ4256115,90,10,0,0,100,0,100,90
6/12/2020,3SP22310ND412410H,70,8,0,0,78,0,78,70
6/11/2020,9W144613X5564445P,25,5,0,0,30,0,30,25
6/10/2020,8X190489N7325242Y,25,5,0,0,30,0,30,25
6/10/2020,8KD02163X4842442G,80,8,0,0,88,0,88,80
6/10/2020,7DV24603F1440781P,25,5,0,0,30,0,30,25
6/9/2020,5T74439315883593T,210,37,0,0,247,0,247,210
6/9/2020,55U57757J9400012F,40,5,0,0,45,0,45,40
6/9/2020,53F18432K40393913,25,5,0,0,30,0,30,25
6/9/2020,7JM74463MH775762U,25,5,0,0,30,0,30,25
6/9/2020,55M7214474677221C,35,5,0,0,40,0,40,35
6/9/2020,34D37536GE495844P,30,5,0,0,35,0,35,30
6/8/2020,11K489002U999903F,40,5,0,0,45,0,45,40
6/8/2020,0CJ18153NY4473946,180,8,0,0,188,0,188,180
6/8/2020,7UG61878WA291043D,45,8,0,0,53,0,53,45
6/8/2020,99U93510CJ605751C,45,8,0,0,53,0,53,45
6/8/2020,069460466S363332W,25,5,0,0,30,0,30,25
6/8/2020,9JH88293PE3694846,25,5,0,0,30,0,30,25
6/8/2020,62G24355WB0910919,25,5,0,0,30,0,30,25
6/8/2020,7SB66575W2242732K,75,10,0,0,85,0,85,75
6/8/2020,6DS049445T601333B,65,8,0,0,73,0,73,65
6/8/2020,8W3815338C621224P,67,10,0,0,77,0,77,67
6/8/2020,78G47055WG386705P,45,8,0,0,53,0,53,45
6/8/2020,6Y14853519878622C,65,5,0,0,70,0,70,65
6/8/2020,1GN59895TY6739109,85,10,0,0,95,0,95,85
6/8/2020,19V137852C211671P,45,8,0,0,53,0,53,45
6/8/2020,7UJ721341T0717804,105,10,0,0,115,0,115,105
6/8/2020,2P458957FY727161M,40,5,0,0,45,0,45,40
6/7/2020,6UF56121WX922174N,250,5,0,0,255,0,255,250
6/6/2020,669765465N8321453,140,8,0,0,148,0,148,140
6/5/2020,0J087624DL074661A,145,37,0,0,182,0,182,145
6/5/2020,0TX3337160660315H,40,5,0,0,45,0,45,40
6/5/2020,71W79676K2502610C,22,5,0,0,27,0,27,22
6/4/2020,3AL38941EF6768348,40,5,0,0,45,0,45,40
6/1/2020,4KV06753FT133353Y,180,5,0,0,185,0,185,180
6/1/2020,5SK55370LY375204E,100,8,0,0,108,0,108,100
5/31/2020,34R95620HA6573635,30,5,0,0,35,0,35,30
5/30/2020,5C623407G5003530T,40,5,0,0,45,0,45,40
5/30/2020,7EW3487883903920S,150,5,0,0,155,0,155,150
5/29/2020,1H933480YR173325X,80,5,0,0,85,0,85,80
5/29/2020,1X991586HC336863Y,100,8,0,0,108,0,108,100
5/28/2020,5S3291212G146483E,95,8,0,0,103,0,103,95
5/26/2020,82L79029J7813993Y,60,5,0,0,65,0,65,60
5/25/2020,98T19307FG829410G,185,37,0,0,222,0,222,185
5/25/2020,90299486FM747774R,100,5,0,0,105,0,105,100
5/25/2020,03R957577P484332A,100,5,0,0,105,0,105,100
5/25/2020,5TS107753A9180100,100,8,0,0,108,0,108,100
5/25/2020,2V337254WM610933V,150,5,0,0,155,0,155,150
5/25/2020,24G49042U0342781J,45,5,0,0,50,0,50,45
5/23/2020,2MC14744JF555394X,80,5,0,0,85,0,85,80
5/23/2020,94128621SL6875716,60,5,0,0,65,0,65,60
5/21/2020,1WF04445LJ494364C,50,8,0,0,58,0,58,50
5/21/2020,083391504P675490P,60,5,0,0,65,0,65,60
5/20/2020,12009581WK135953L,100,5,0,0,105,0,105,100
5/20/2020,12F1557810683213G,40,5,0,0,45,0,45,40
5/20/2020,8LY000164L957863P,50,8,0,0,58,0,58,50
5/20/2020,69N6602708192864Y,25,5,0,0,30,0,30,25
5/20/2020,8W972856H0631584N,50,5,0,0,55,0,55,50
5/20/2020,92408564H72681100,50,8,0,0,58,0,58,50
5/19/2020,3FN90346T3924900R,25,5,0,0,30,0,30,25
5/19/2020,7HP454737R176850L,350,29,0,0,379,0,379,350
5/19/2020,6F312421WX735223K,55,8,0,0,63,0,63,55
5/18/2020,7GN09652UU6865438,200,23,0,0,223,0,223,200
5/18/2020,5FE60688W5863221P,320,29,0,0,349,0,349,320
5/18/2020,1VK49431SG6875831,100,5,0,0,105,0,105,100
5/18/2020,56K39525SJ532254P,150,5,0,0,155,0,155,150
5/18/2020,4PJ0142729191841C,30,5,0,0,35,0,35,30
5/18/2020,97E24268R6553261L,150,5,0,0,155,0,155,150
5/18/2020,0B359927CH4593813,445,10,0,0,455,0,455,445
5/18/2020,4UC34458EN532045L,40,5,0,0,45,0,45,40
5/18/2020,3NU67060NH4828337,150,5,0,0,155,0,155,150
5/17/2020,9E34130133227560K,90,8,0,0,98,0,98,90
5/16/2020,1VP88712UH910170H,45,5,0,0,50,0,50,45
5/15/2020,5G2556316R533680H,120,8,0,0,128,0,128,120
5/15/2020,56W95576EE849352W,430,10,0,0,440,0,440,430
5/14/2020,9CS62912VB7876622,105,8,0,0,113,0,113,105
5/14/2020,7JD96771LT415014N,90,29,0,0,119,0,119,90
5/14/2020,4A804053WW975190P,80,8,0,0,88,0,88,80
5/14/2020,3YB584240E892154C,35,5,0,0,40,0,40,35
5/14/2020,44U45173HE072770K,60,5,0,0,65,0,65,60
5/14/2020,5NX958666U340523F,45,5,0,0,50,0,50,45
5/14/2020,2YR60879NC484203U,185,10,0,0,195,0,195,185
5/14/2020,14D51599DN706853D,145,5,0,0,150,0,150,145
5/14/2020,8LD5877798656321G,45,23,0,0,68,0,68,45
5/14/2020,2NU62104M4404821P,40,5,0,0,45,0,45,40
5/14/2020,3L973808M1766522G,45,5,0,0,50,0,50,45
5/13/2020,5S582752JD483400A,100,8,0,0,108,0,108,100
5/12/2020,6EE66888EL6198900,105,29,0,0,134,0,134,105
5/12/2020,0VB579492D980343D,180,5,0,0,185,0,185,180
5/11/2020,6U318848E88402246,80,5,0,0,85,0,85,80
5/11/2020,6SN00743RW0280442,180,8,0,0,188,0,188,180
5/10/2020,0UW9491802867223B,40,5,0,0,45,0,45,40
5/10/2020,73J01817YU9322009,120,5,0,0,125,0,125,120
5/9/2020,9EE17499DU287372G,65,5,0,0,70,0,70,65
5/9/2020,8GJ14313B0007512A,0,0,0,0,0,-169,-169,-169
5/9/2020,94A28193P3626093R,0,0,0,0,0,-23,-23,-23
5/9/2020,9NK77443YE790973T,60,5,0,0,65,0,65,60
5/9/2020,0VU07326B14261506,80,5,0,0,85,0,85,80
5/9/2020,8GK80480R9305962D,160,8,0,0,168,0,168,160
5/9/2020,6548123654957891N,0,0,0,0,0,-37,-37,-37
5/8/2020,9LJ4950038127483Y,100,8,0,0,108,0,108,100
5/8/2020,5YD94213XK0786509,40,5,0,0,45,0,45,40
5/8/2020,7PU803742C916023S,160,29,0,0,189,0,189,160
5/8/2020,4MM18214U29790922,270,8,0,0,278,0,278,270
5/8/2020,8WP64752H6056963F,65,5,0,0,70,0,70,65
5/8/2020,6CD32059S7517172M,80,23,0,0,103,0,103,80
5/8/2020,1RR700994N7213250,120,5,0,0,125,0,125,120
5/8/2020,5GY1239207130874D,155,8,0,0,163,0,163,155
5/8/2020,90J08840N3248334Y,60,23,0,0,83,0,83,60
5/8/2020,5KR72725LU088211A,230,37,0,0,267,0,267,230
5/8/2020,9YC90917X04236536,80,5,0,0,85,0,85,80
5/8/2020,5PU5158372215564R,90,8,0,0,98,0,98,90
5/8/2020,9T776824KM335431U,70,8,0,0,78,0,78,70
5/8/2020,4HB88120AH996944P,40,23,0,0,63,0,63,40
5/8/2020,4397599590585214V,80,5,0,0,85,0,85,80
5/8/2020,0VW070828U110372H,0,0,0,0,0,-173,-173,-173
5/8/2020,0WK39478L9446683S,40,5,0,0,45,0,45,40
5/8/2020,03M88440TN0206734,60,5,0,0,65,0,65,60
5/8/2020,95607594DD662594L,45,5,0,0,50,0,50,45
5/8/2020,2BD9108204370420M,120,5,0,0,125,0,125,120
5/8/2020,3UH20828W2433680B,150,5,0,0,155,0,155,150
5/8/2020,3SB54474BV134283G,55,5,0,0,60,0,60,55
5/8/2020,6BK32591YJ1584327,80,23,0,0,103,0,103,80
5/8/2020,44005946US4334016,45,5,0,0,50,0,50,45
5/8/2020,8T577243MJ8809503,65,23,0,0,88,0,88,65
5/8/2020,1L288769U3817190L,300,45,0,0,345,0,345,300
5/8/2020,19054558KS162492F,55,5,0,0,60,0,60,55
5/8/2020,9PW32780RW173445T,50,5,0,0,55,0,55,50
5/8/2020,63K97155LB457924W,80,5,0,0,85,0,85,80
5/8/2020,90F25942R8221303K,40,5,0,0,45,0,45,40
5/8/2020,01F370154J024160K,140,29,0,0,169,0,169,140
5/8/2020,5MT23909M1945804F,45,5,0,0,50,0,50,45
5/8/2020,86K3630441284203S,50,23,0,0,73,0,73,50
5/8/2020,63M36972W56895424,150,23,0,0,173,0,173,150
5/8/2020,12369343D3830350C,110,8,0,0,118,0,118,110
5/8/2020,4S932964FP6369643,65,5,0,0,70,0,70,65
5/8/2020,9JJ28328AF2396316,190,8,0,0,198,0,198,190
5/8/2020,6A436166CS9602422,245,10,0,0,255,0,255,245
5/8/2020,8LS29990Y55549417,200,5,0,0,205,0,205,200
5/8/2020,4BN498919W299864E,150,23,0,0,173,0,173,150
5/8/2020,0K6210843H3453250,145,10,0,0,155,0,155,145
5/8/2020,0AB22059331717242,105,8,0,0,113,0,113,105
5/8/2020,3E575874JY901012W,60,5,0,0,65,0,65,60
5/8/2020,6H9303073E375631H,40,23,0,0,63,0,63,40
5/7/2020,4TX80733Y4898874J,120,8,0,0,128,0,128,120
5/5/2020,83416794XC8394158,30,5,0,0,35,0,35,30
5/5/2020,28911356BK427771W,30,5,0,0,35,0,35,30
5/4/2020,6E106846CH127804X,400,5,0,0,405,0,405,400
5/3/2020,4U0374619H4924809,80,5,0,0,85,0,85,80
5/3/2020,5KC8143619399954S,40,5,0,0,45,0,45,40
5/3/2020,5.84995E+16,80,5,0,0,85,0,85,80
5/3/2020,30D53454JG494910L,225,8,0,0,233,0,233,225
5/2/2020,0BV05039NJ010693E,50,5,0,0,55,0,55,50
4/30/2020,3B061895R6801152E,30,5,0,0,35,0,35,30
4/30/2020,0G625869AJ4101045,80,5,0,0,85,0,85,80
4/29/2020,5X80787960271913D,40,5,0,0,45,0,45,40
4/28/2020,89762109YA537191C,80,5,0,0,85,0,85,80
4/28/2020,9FC87764KH3042053,30,5,0,0,35,0,35,30
4/28/2020,42W86159988947701,125,8,0,0,133,0,133,125
4/27/2020,2AD64078VR995700W,125,10,0,0,135,0,135,125
4/27/2020,35R25570J4249614X,100,10,0,0,110,0,110,100
4/27/2020,42S830283X490023F,65,8,0,0,73,0,73,65
4/24/2020,55745896NM930735R,40,5,0,0,45,0,45,40
4/24/2020,14V07693DL689793V,200,5,0,0,205,0,205,200
4/24/2020,4FE68275ME846814E,160,5,0,0,165,0,165,160
4/24/2020,2DU13934J84354628,140,5,0,0,145,0,145,140
4/24/2020,5DU43981KN512563G,80,5,0,0,85,0,85,80
4/23/2020,31K63682AW453810C,30,5,0,0,35,0,35,30
4/23/2020,00P81561338922620,60,5,0,0,65,0,65,60
4/23/2020,4TD442007J547770P,60,5,0,0,65,0,65,60
4/22/2020,3Y8257788P6140333,50,5,0,0,55,0,55,50
4/22/2020,7XK963530N163010H,65,5,0,0,70,0,70,65
4/22/2020,2NU93603H7948310S,180,8,0,0,188,0,188,180
4/22/2020,8A691334X3379493H,60,5,0,0,65,0,65,60
4/22/2020,78E94652HN9845844,45,5,0,0,50,0,50,45
4/22/2020,3RL13541CR876270J,45,5,0,0,50,0,50,45
4/21/2020,10H60666NT897801B,80,5,0,0,85,0,85,80
4/21/2020,3VV934384X2341203,65,5,0,0,70,0,70,65
4/21/2020,8H0023111G625450A,80,5,0,0,85,0,85,80
4/20/2020,6V526059T73401846,30,5,0,0,35,0,35,30
4/20/2020,45995130KR088304G,80,5,0,0,85,0,85,80
4/20/2020,7G967293S82826905,40,5,0,0,45,0,45,40
4/19/2020,8EG03877R9785083J,40,23,0,0,63,0,63,40
4/19/2020,1C389921TD6202302,140,29,0,0,169,0,169,140
4/19/2020,0D635987XW694243Y,40,5,0,0,45,0,45,40
4/18/2020,5WC95961820104722,100,5,0,0,105,0,105,100
4/18/2020,50F99895LW908051E,30,5,0,0,35,0,35,30
4/17/2020,09G502686P769931P,40,5,0,0,45,0,45,40
4/17/2020,7G384802AU937190T,150,10,0,0,160,0,160,150
4/17/2020,7FH13305XT7049328,85,8,0,0,93,0,93,85
4/17/2020,65G63235A87498209,50,5,0,0,55,0,55,50
4/17/2020,4PT79152WA3216849,60,5,0,0,65,0,65,60
4/17/2020,1TA97657Y8787801G,50,5,0,0,55,0,55,50
4/17/2020,2HD64405XK0098126,125,5,0,0,130,0,130,125
4/15/2020,6R4970629F963263A,45,5,0,0,50,0,50,45
4/15/2020,1BP391692Y930230P,50,5,0,0,55,0,55,50
4/15/2020,08K65583CD940330C,50,5,0,0,55,0,55,50
4/14/2020,239001432V0762822,60,5,0,0,65,0,65,60
4/14/2020,92M995005D053004H,85,8,0,0,93,0,93,85
4/14/2020,1T4877463E2831626,80,8,0,0,88,0,88,80
4/14/2020,09E80661GJ233432A,50,5,0,0,55,0,55,50
4/14/2020,6ED19793G0704062K,50,23,0,0,73,0,73,50
4/14/2020,0ST14121VC334525N,40,5,0,0,45,0,45,40
4/14/2020,5XG717940U638193S,120,10,0,0,130,0,130,120
4/13/2020,91H81488Y52971132,30,5,0,0,35,0,35,30
4/13/2020,03C63014J0452401P,50,5,0,0,55,0,55,50
4/12/2020,80M41188KP2027148,105,8,0,0,113,0,113,105
4/11/2020,2P2998180X8667206,30,23,0,0,53,0,53,30
4/9/2020,2UY320461K0897706,80,5,0,0,85,0,85,80
4/8/2020,7RT31854681887007,35,5,0,0,40,0,40,35
4/8/2020,24F436104P4188748,65,23,0,0,88,0,88,65
4/8/2020,28N81893U09537241,50,5,0,0,55,0,55,50
4/7/2020,8HT2217250549681V,40,5,0,0,45,0,45,40
4/7/2020,9UU08438YH663204G,45,5,0,0,50,0,50,45
4/7/2020,2WV2149795693301M,60,5,0,0,65,0,65,60
4/6/2020,4R004054SS520761V,80,23,0,0,103,0,103,80
4/6/2020,97H50271RJ555853M,45,5,0,0,50,0,50,45
4/6/2020,2JX10713CM179512T,60,5,0,0,65,0,65,60
4/6/2020,3VR10812960953812,30,5,0,0,35,0,35,30
4/6/2020,5GD0641379021510N,100,8,0,0,108,0,108,100
4/6/2020,1P246960CY234073A,60,5,0,0,65,0,65,60
4/6/2020,48T32185EC4106931,60,5,0,0,65,0,65,60
4/6/2020,65D37716UG078482N,120,5,0,0,125,0,125,120
4/5/2020,9H609401A47687811,90,8,0,0,98,0,98,90
4/5/2020,46T97433V2366724W,60,5,0,0,65,0,65,60
4/4/2020,6MX33072BD799630V,30,5,0,0,35,0,35,30
4/4/2020,35A11631WU5418746,30,5,0,0,35,0,35,30
4/3/2020,4N113336JW109370F,45,5,0,0,50,0,50,45
4/3/2020,1AS67921EV850090S,30,5,0,0,35,0,35,30
4/3/2020,61244072H0262111X,30,5,0,0,35,0,35,30
4/3/2020,8GW66245G0829935X,30,23,0,0,53,0,53,30
4/3/2020,5SJ440586Y9756329,30,5,0,0,35,0,35,30
4/3/2020,9D839580CM101541N,30,5,0,0,35,0,35,30
4/3/2020,08604874VU1519144,30,5,0,0,35,0,35,30
4/3/2020,1CE6765174557711S,30,5,0,0,35,0,35,30
4/3/2020,1MH53745TS274101L,30,5,0,0,35,0,35,30
4/3/2020,94V753551E214181J,30,5,0,0,35,0,35,30
4/2/2020,8CA26987NV300471K,75,5,0,0,80,0,80,75
4/2/2020,2UC67601U52465814,60,5,0,0,65,0,65,60
4/2/2020,4XF92394PL014310M,40,5,0,0,45,0,45,40
4/1/2020,03N99991DV352035Y,70,5,0,0,75,0,75,70
4/1/2020,5FB70459MK005030P,250,5,0,0,255,0,255,250
3/31/2020,0MG69432E2805912F,45,5,0,0,50,0,50,45
3/31/2020,0BS46535CS5177919,60,5,0,0,65,0,65,60
3/31/2020,56L10551A3316374A,125,10,0,0,135,0,135,125
3/30/2020,47F64887DU918714T,45,5,0,0,50,0,50,45
3/30/2020,7MJ51959RV5314231,160,8,0,0,168,0,168,160
3/30/2020,6WD333918X4795921,40,5,0,0,45,0,45,40
3/29/2020,1LJ99992D75343841,60,5,0,0,65,0,65,60
3/27/2020,68877341YY9007529,100,5,0,0,105,0,105,100
3/26/2020,1CK078971J891461U,60,8,0,0,68,0,68,60
3/26/2020,01Y88380FH3274424,140,8,0,0,148,0,148,140
3/26/2020,7P507744HW794341S,40,5,0,0,45,0,45,40
3/24/2020,1N584378UV2727153,80,5,0,0,85,0,85,80
3/24/2020,3P940326GH849543B,40,5,0,0,45,0,45,40
3/24/2020,34A19079YY3163900,45,5,0,0,50,0,50,45
3/24/2020,8TJ35438A3350715A,100,29,0,0,129,0,129,100
3/23/2020,7Y232420HF554980E,57,5,0,0,62,0,62,57
3/23/2020,4JJ73713A5513702F,180,65,0,0,245,0,245,180
3/23/2020,6A426538MJ737202G,129,14,0,0,143,0,143,129
3/23/2020,8EU51586AT093543F,36,5,0,0,41,0,41,36
